[
  {
    "id": "900dcb5a-bbac-4df5-9349-954804d38c2e",
    "data": [
      {
        "text": "same number",
        "userDefined": false
      }
    ],
    "isTemplate": false,
    "count": 0,
    "lang": "en",
    "updated": 0
  },
  {
    "id": "1f6c4fa4-3495-4e10-b9ca-a2bc38b19962",
    "data": [
      {
        "text": "same",
        "userDefined": false
      }
    ],
    "isTemplate": false,
    "count": 0,
    "lang": "en",
    "updated": 0
  },
  {
    "id": "b45b2517-d035-41df-93da-0228134128cf",
    "data": [
      {
        "text": "you can use the same number",
        "userDefined": false
      }
    ],
    "isTemplate": false,
    "count": 0,
    "lang": "en",
    "updated": 0
  },
  {
    "id": "83caaa08-b8fd-4934-bcd0-6d21eaa56d41",
    "data": [
      {
        "text": "51531565",
        "meta": "@sys.number",
        "alias": "number",
        "userDefined": false
      }
    ],
    "isTemplate": false,
    "count": 0,
    "lang": "en",
    "updated": 0
  },
  {
    "id": "4c3ec67b-b3ce-4872-96ff-840119059504",
    "data": [
      {
        "text": "+",
        "userDefined": false
      },
      {
        "text": "44",
        "meta": "@sys.number",
        "alias": "number",
        "userDefined": false
      },
      {
        "text": " 0963854123",
        "userDefined": false
      }
    ],
    "isTemplate": false,
    "count": 0,
    "lang": "en",
    "updated": 0
  },
  {
    "id": "fe253883-ec5f-4cc1-9dca-7084537294ef",
    "data": [
      {
        "text": "+",
        "userDefined": false
      },
      {
        "text": "1 632",
        "meta": "@sys.number",
        "alias": "number",
        "userDefined": false
      },
      {
        "text": " 7452",
        "userDefined": false
      }
    ],
    "isTemplate": false,
    "count": 0,
    "lang": "en",
    "updated": 0
  },
  {
    "id": "33401924-b14a-4255-bd23-a42b54e61acb",
    "data": [
      {
        "text": "7415236",
        "meta": "@sys.number",
        "alias": "number",
        "userDefined": false
      }
    ],
    "isTemplate": false,
    "count": 0,
    "lang": "en",
    "updated": 0
  },
  {
    "id": "64a515d1-af4e-4e86-91ec-4cc272964f6d",
    "data": [
      {
        "text": "no problem",
        "userDefined": false
      }
    ],
    "isTemplate": false,
    "count": 0,
    "lang": "en",
    "updated": 0
  },
  {
    "id": "6d7acfef-2284-47a5-a9cd-327a7d829457",
    "data": [
      {
        "text": "go ahead",
        "userDefined": false
      }
    ],
    "isTemplate": false,
    "count": 0,
    "lang": "en",
    "updated": 0
  },
  {
    "id": "19a6e55a-3e66-434c-929d-671127386c0e",
    "data": [
      {
        "text": "yup",
        "userDefined": false
      }
    ],
    "isTemplate": false,
    "count": 0,
    "lang": "en",
    "updated": 0
  },
  {
    "id": "03c1bb50-9583-4bc4-baea-1ba8a0075435",
    "data": [
      {
        "text": "yep",
        "userDefined": false
      }
    ],
    "isTemplate": false,
    "count": 0,
    "lang": "en",
    "updated": 0
  },
  {
    "id": "52b164bb-6828-4445-b582-8efba2db6bf1",
    "data": [
      {
        "text": "yeah",
        "userDefined": false
      }
    ],
    "isTemplate": false,
    "count": 0,
    "lang": "en",
    "updated": 0
  },
  {
    "id": "07063e7d-0bd3-4a87-8a01-328681faf554",
    "data": [
      {
        "text": "why not",
        "userDefined": false
      }
    ],
    "isTemplate": false,
    "count": 0,
    "lang": "en",
    "updated": 0
  },
  {
    "id": "577808ed-2283-486a-8422-f82a52c5713a",
    "data": [
      {
        "text": "of course",
        "userDefined": false
      }
    ],
    "isTemplate": false,
    "count": 0,
    "lang": "en",
    "updated": 0
  },
  {
    "id": "bcf3ae76-c0df-4c8a-8ded-fc84e5fe5726",
    "data": [
      {
        "text": "sure",
        "userDefined": false
      }
    ],
    "isTemplate": false,
    "count": 0,
    "lang": "en",
    "updated": 0
  },
  {
    "id": "e7c32a1a-ff34-46b8-b2e2-c2de00f07a5c",
    "data": [
      {
        "text": "yes",
        "userDefined": false
      }
    ],
    "isTemplate": false,
    "count": 0,
    "lang": "en",
    "updated": 0
  },
  {
    "id": "edab0730-0f47-416b-936d-8961a9f01503",
    "data": [
      {
        "text": "one three seven two five five zero",
        "meta": "@sys.phone-number",
        "alias": "phone-number",
        "userDefined": false
      }
    ],
    "isTemplate": false,
    "count": 0,
    "lang": "en",
    "updated": 0
  },
  {
    "id": "4fa2a896-bed6-400a-b45f-12baf3167a2d",
    "data": [
      {
        "text": "7485636359",
        "meta": "@sys.number",
        "alias": "number",
        "userDefined": false
      }
    ],
    "isTemplate": false,
    "count": 0,
    "lang": "en",
    "updated": 0
  }
]