[
  {
    "id": "4d60a198-de9d-4f00-928e-0e3c5ac59bcd",
    "data": [
      {
        "text": "Sophie",
        "meta": "@sys.person",
        "alias": "person",
        "userDefined": false
      }
    ],
    "isTemplate": false,
    "count": 0,
    "lang": "en",
    "updated": 0
  },
  {
    "id": "13dffc58-ca5f-414f-bb94-73016fc6269b",
    "data": [
      {
        "text": "mary",
        "meta": "@sys.person",
        "alias": "person",
        "userDefined": false
      }
    ],
    "isTemplate": false,
    "count": 0,
    "lang": "en",
    "updated": 0
  },
  {
    "id": "1e1116fe-c31f-4b09-9ce3-1ce4d0db5d29",
    "data": [
      {
        "text": "james",
        "meta": "@sys.person",
        "alias": "person",
        "userDefined": false
      }
    ],
    "isTemplate": false,
    "count": 0,
    "lang": "en",
    "updated": 0
  },
  {
    "id": "7d7d2bef-b4ba-4f54-b217-dbdbf54cb5a5",
    "data": [
      {
        "text": "harry",
        "meta": "@sys.person",
        "alias": "person",
        "userDefined": false
      }
    ],
    "isTemplate": false,
    "count": 0,
    "lang": "en",
    "updated": 0
  }
]