[
  {
    "id": "3f4cb81e-7117-42d7-82f2-4feb2cc5e4ce",
    "data": [
      {
        "text": "a phone for sure",
        "userDefined": false
      }
    ],
    "isTemplate": false,
    "count": 0,
    "lang": "en",
    "updated": 0
  },
  {
    "id": "772f77ca-58e5-4e63-933d-8a99cc47fb47",
    "data": [
      {
        "text": "smart phone",
        "userDefined": false
      }
    ],
    "isTemplate": false,
    "count": 0,
    "lang": "en",
    "updated": 0
  },
  {
    "id": "b29ac66d-29c3-491f-8dbd-535e29a6acc7",
    "data": [
      {
        "text": "laptop would be lovely",
        "userDefined": false
      }
    ],
    "isTemplate": false,
    "count": 0,
    "lang": "en",
    "updated": 0
  },
  {
    "id": "a1566d2d-0d85-454d-8dba-50b51736946e",
    "data": [
      {
        "text": "computer",
        "userDefined": false
      }
    ],
    "isTemplate": false,
    "count": 0,
    "lang": "en",
    "updated": 0
  },
  {
    "id": "3e9f88ac-1c49-4448-bebe-b45fe4b777b0",
    "data": [
      {
        "text": "desktop",
        "userDefined": false
      }
    ],
    "isTemplate": false,
    "count": 0,
    "lang": "en",
    "updated": 0
  },
  {
    "id": "c037c97a-43b5-44ea-8f21-ddae0a6e2382",
    "data": [
      {
        "text": "laptop",
        "userDefined": false
      }
    ],
    "isTemplate": false,
    "count": 0,
    "lang": "en",
    "updated": 0
  },
  {
    "id": "d7138dc9-de96-4f54-960f-a6480d3bd50b",
    "data": [
      {
        "text": "all of them",
        "userDefined": false
      }
    ],
    "isTemplate": false,
    "count": 0,
    "lang": "en",
    "updated": 0
  },
  {
    "id": "780247ce-9a01-40b1-8f91-87bfa9ce321a",
    "data": [
      {
        "text": "phone",
        "userDefined": false
      }
    ],
    "isTemplate": false,
    "count": 0,
    "lang": "en",
    "updated": 0
  }
]