[
  {
    "id": "cf556327-4c21-4746-ad88-356068aacc76",
    "data": [
      {
        "text": "cambridge",
        "meta": "@sys.geo-city",
        "alias": "geo-city",
        "userDefined": false
      }
    ],
    "isTemplate": false,
    "count": 0,
    "lang": "en",
    "updated": 0
  },
  {
    "id": "e3286a57-2c11-49de-ba87-9d4caa549770",
    "data": [
      {
        "text": "wales",
        "meta": "@sys.geo-state",
        "alias": "geo-state",
        "userDefined": false
      }
    ],
    "isTemplate": false,
    "count": 0,
    "lang": "en",
    "updated": 0
  },
  {
    "id": "5670d9bd-e5ac-4b1e-ad82-2e79c0171305",
    "data": [
      {
        "text": "washington",
        "meta": "@sys.geo-city",
        "alias": "geo-city",
        "userDefined": false
      }
    ],
    "isTemplate": false,
    "count": 0,
    "lang": "en",
    "updated": 0
  },
  {
    "id": "486fcab0-95d7-46cf-9e92-3178c976e656",
    "data": [
      {
        "text": "new york",
        "meta": "@sys.geo-city",
        "alias": "geo-city",
        "userDefined": false
      }
    ],
    "isTemplate": false,
    "count": 0,
    "lang": "en",
    "updated": 0
  },
  {
    "id": "74c5a087-6095-4428-ac61-170ef1116724",
    "data": [
      {
        "text": "london",
        "meta": "@sys.geo-city",
        "alias": "geo-city",
        "userDefined": false
      }
    ],
    "isTemplate": false,
    "count": 0,
    "lang": "en",
    "updated": 0
  }
]